capec,name,domains_of_attack,mechanisms_of_attack,attack_likelihood,typical_severity,skills_required,consequences_confidentiality,consequences_integrity,consequences_availability,consequences_access_control,consequences_authorization,consequences_accountability,consequences_authentication,consequences_non_repudiation,linked_att&ck_tech_id,linked_att&ck_sub_tech_id,linked_att&ck_tactics
1,Accessing Functionality Not Properly Constrained by ACLs,"Hardware,Software",Subvert Access Control,High,High,Low,Gain Privileges,N/A,N/A,Gain Privileges,Gain Privileges,N/A,N/A,N/A,T1574,T1574.010,"TA0003,TA0004,TA0005"
3,Using Leading 'Ghost' Character Sequences to Bypass Input Filters,Software,Manipulate Data Structures,Medium,Medium,Medium,Gain Privileges,Modify Data,N/A,Gain Privileges,Gain Privileges,N/A,N/A,N/A,N/A,N/A,N/A
5,Blue Boxing,"Software,Communications","Abuse Existing Functionality",Medium,Very High,Low,Gain Privileges,N/A,Resource Consumption,Gain Privileges,Gain Privileges,N/A,N/A,N/A,N/A,N/A,N/A
6,Argument Injection,Software,Inject Unexpected Items,High,High,Medium,"Gain Privileges,Read Data",Modify Data,N/A,Gain Privileges,Gain Privileges,N/A,N/A,N/A,N/A,N/A,N/A
7,Blind SQL Injection,Software,Inject Unexpected Items,High,High,Medium,"Read Data,Execute Unauthorized Commands","Modify Data,Execute Unauthorized Commands",Execute Unauthorized Commands,N/A,N/A,N/A,N/A,N/A,N/A,N/A,N/A
8,Buffer Overflow in an API Call,Software,Manipulate Data Structures,High,High,"Low,High","Execute Unauthorized Commands,Read Data","Execute Unauthorized Commands,Modify Data","Unreliable Execution,Execute Unauthorized Commands",N/A,N/A,N/A,N/A,N/A,N/A,N/A,N/A
9,Buffer Overflow in Local Command-Line Utilities,Software,Manipulate Data Structures,High,High,"Low,High","Gain Privileges,Execute Unauthorized Commands,Read Data","Execute Unauthorized Commands,Modify Data","Execute Unauthorized Commands,Unrealiable Execution",Gain Privileges,Gain Privileges,N/A,N/A,N/A,N/A,N/A,N/A
10,Buffer Overflow via Environment Variables,Software,Manipulate Data Structures,High,High,"Low,High","Execute Unauthorized Commands,Read Data,Gain Privileges","Execute Unauthorized Commands,Modify Data","Unreliable Execution,Execute Unauthorized Commands",Gain Privileges,Gain Privileges,N/A,N/A,N/A,N/A,N/A,N/A
12,Choosing Message Identifier,Communications,"Abuse Existing Functionality",High,High,Low,"Read Data,Gain Privileges",N/A,N/A,Gain Privileges,Gain Privileges,N/A,N/A,N/A,N/A,N/A,N/A
13,Subverting Environment Variable Values,Software,Manipulate System Resources,High,Very High,"Low,High","Execute Unauthorized Commands,Bypass Protection Mechanism,Read Data",Execute Unauthorized Commands,"Execute Unauthorized Commands,Unreliable Execution",Bypass Protection Mechanism,Bypass Protection Mechanism,Hide Activities,N/A,N/A,"T1562,T1574","T1562.003,T1574.006,T1574.007","TA0005,TA0003,TA0004"
14,Client-side Injection-induced Buffer Overflow,Software,Manipulate Data Structures,Medium,High,"Low,High","Read Data,Execute Unauthorized Commands","Modify Data,Execute Unauthorized Commands","Resource Consumption,Execute Unauthorized Commands",N/A,N/A,N/A,N/A,N/A,N/A,N/A,N/A
15,Command Delimiters,Software,Inject Unexpected Items,High,High,Medium,"Execute Unauthorized Commands,Read Data",Execute Unauthorized Commands,Execute Unauthorized Commands,N/A,N/A,N/A,N/A,N/A,N/A,N/A,N/A
17,Using Malicious Files,"Hardware,Software",Subvert Access Control,High,Very High,Low,"Execute Unauthorized Commands,Read Data,Gain Privileges","Execute Unauthorized Commands,Modify Data",Execute Unauthorized Commands,Gain Privileges,Gain Privileges,N/A,N/A,N/A,T1574,T1574.010,"TA0003,TA0004,TA0005"
19,Embedding Scripts within Scripts,Software,Inject Unexpected Items,High,High,"Low,Medium","Execute Unauthorized Commands,Gain Privileges",Execute Unauthorized Commands,Execute Unauthorized Commands,Gain Privileges,Gain Privileges,N/A,N/A,N/A,T1546,T1546.004,"TA0004,TA0003"
20,Encryption Brute Forcing,Software,Employ Probabilistic Techniques,Low,Low,Low,Read Data,N/A,N/A,N/A,N/A,N/A,N/A,N/A,N/A,N/A,N/A
21,Exploitation of Trusted Identifiers,Software,Subvert Access Control,High,High,Low,"Gain Privileges,Read Data",Modify Data,N/A,Gain Privileges,Gain Privileges,N/A,N/A,N/A,T1134,T1134.001,"TA0005,TA0004"
22,Exploiting Trust in Client,"Software,Communications",Subvert Access Control,High,High,Medium,"Execute Unauthorized Commands,Gain Privileges,Read Data",Execute Unauthorized Commands,Execute Unauthorized Commands,Gain Privileges,Gain Privileges,N/A,N/A,N/A,N/A,N/A,N/A
23,File Content Injection,Software,Inject Unexpected Items,High,Very High,Medium,Execute Unauthorized Commands,Execute Unauthorized Commands,Execute Unauthorized Commands,N/A,N/A,N/A,N/A,N/A,N/A,N/A,N/A
24,Filter Failure through Buffer Overflow,Software,Manipulate Data Structures,High,High,"Low,High","Execute Unauthorized Commands,Bypass Protection Mechanism","Modify Data,Execute Unauthorized Commands","Execute Unauthorized Commands,Unreliable Execution",Bypass Protection Mechanism,Bypass Protection Mechanism,N/A,N/A,N/A,N/A,N/A,N/A
26,Leveraging Race Conditions,"Hardware,Software",Manipulate Timing and State,High,High,Medium,"Gain Privileges,Read Data",Modify Data,N/A,Gain Privileges,Gain Privileges,N/A,N/A,N/A,N/A,N/A,N/A
27,Leveraging Race Conditions via Symbolic Links,Software,Manipulate Timing and State,Medium,High,Medium,"Gain Privileges,Read Data",Modify Data,Resource Consumption,Gain Privileges,Gain Privileges,N/A,N/A,N/A,N/A,N/A,N/A
28,Fuzzing,Software,Employ Probabilistic Techniques,High,Medium,Low,"Read Data,Gain Privileges,Alter Execution Logic","Modify Data,Alter Execution Logic","Unreliable Execution,Alter Execution Logic",Gain Privileges,Gain Privileges,N/A,N/A,N/A,N/A,N/A,N/A
29,Leveraging Time-of-Check and Time-of-Use (TOCTOU) Race Conditions,Software,Manipulate Timing and State,High,High,Medium,"Gain Privileges,Alter Execution Logic,Read Data","Modify Data,Alter Execution Logic","Alter Execution Logic,Resource Consumption",Gain Privileges,Gain Privileges,N/A,N/A,N/A,N/A,N/A,N/A
31,Accessing/Intercepting/Modifying HTTP Cookies,Communications,"Collect and Analyze Information,Subvert Access Control",High,High,"Low,High","Read Data,Gain Privileges",Modify Data,N/A,Gain Privileges,Gain Privileges,N/A,N/A,N/A,N/A,N/A,N/A
33,HTTP Request Smuggling,"Software,Communications",Abuse Existing Functionality,Medium,High,High,"Execute Unauthorized Commands,Gain Privileges","Execute Unauthorized Commands,Modify Data",Execute Unauthorized Commands,Gain Privileges,Gain Privileges,N/A,N/A,N/A,N/A,N/A,N/A
34,HTTP Response Splitting,"Software,Communications",Abuse Existing Functionality,Medium,High,High,"Execute Unauthorized Commands,Gain Privileges",Execute Unauthorized Commands,Execute Unauthorized Commands,Gain Privileges,Gain Privileges,N/A,N/A,N/A,N/A,N/A,N/A
35,Leverage Executable Code in Non-Executable Files,Software,Manipulate System Resources,High,Very High,Low,"Execute Unauthorized Commands,Gain Privileges","Execute Unauthorized Commands,Modify Data",Execute Unauthorized Commands,Gain Privileges,Gain Privileges,N/A,N/A,N/A,N/A,N/A,N/A
36,Using Unpublished Interfaces,Software,Abuse Existing Functionality,Medium,High,Low,"Read Data,Gain Privileges",N/A,N/A,Gain Privileges,Gain Privileges,N/A,N/A,N/A,N/A,N/A,N/A
37,Retrieve Embedded Sensitive Data,"Software,Hardware,Physical Security",Collect and Analyze Information,High,Very High,Medium,"Read Data,Gain Privileges",Modify Data,N/A,Gain Privileges,Gain Privileges,N/A,N/A,N/A,T1552,T1552.004,TA0006
39,Manipulating Opaque Client-based Data Tokens,Software,Subvert Access Control,High,Medium,"Medium,High",Gain Privileges,Modify Data,N/A,Gain Privileges,Gain Privileges,N/A,N/A,N/A,N/A,N/A,N/A
42,MIME Conversion,Software,Manipulate Data Structures,High,High,"Low,High","Execute Unauthorized Commands,Gain Privileges","Execute Unauthorized Commands,Modify Data","Execute Unauthorized Commands,Unreliable Execution",Gain Privileges,Gain Privileges,N/A,N/A,N/A,N/A,N/A,N/A
43,Exploiting Multiple Input Interpretation Layers,Software,Manipulate Data Structures,Medium,High,Medium,"Gain Privileges,Read Data",Modify Data,N/A,Gain Privileges,Gain Privileges,N/A,N/A,N/A,N/A,N/A,N/A
44,Overflow Binary Resource File,Software,"Manipulate Data Structures,Inject Unexpected Items",High,Very High,Medium,Execute Unauthorized Commands,"Execute Unauthorized Commands,Modify Data","Unreliable Execution,Execute Unauthorized Commands",N/A,N/A,N/A,N/A,N/A,N/A,N/A,N/A
45,Buffer Overflow via Symbolic Links,Software,Manipulate Data Structures,High,High,"Low,High","Execute Unauthorized Commands,Read Data","Execute Unauthorized Commands,Modify Data","Unreliable Execution,Execute Unauthorized Commands",N/A,N/A,N/A,N/A,N/A,N/A,N/A,N/A
46,Overflow Variables and Tags,Software,"Manipulate Data Structures,Inject Unexpected Items",High,High,"Low,High","Execute Unauthorized Commands,Read Data","Execute Unauthorized Commands,Modify Data","Unreliable Execution,Execute Unauthorized Commands",N/A,N/A,N/A,N/A,N/A,N/A,N/A,N/A
47,Buffer Overflow via Parameter Expansion,Software,"Manipulate Data Structures,Inject Unexpected Items",Medium,High,High,"Gain Privileges,Execute Unauthorized Commands,Read Data","Modify Data,Execute Unauthorized Commands","Unreliable Execution,Execute Unauthorized Commands",Gain Privileges,Gain Privileges,N/A,N/A,N/A,N/A,N/A,N/A
48,Passing Local Filenames to Functions That Expect a URL,Software,"Abuse Existing Functionality",High,High,Medium,Read Data,Modify Data,N/A,N/A,N/A,N/A,N/A,N/A,N/A,N/A,N/A
50,Password Recovery Exploitation,Software,"Abuse Existing Functionality",Medium,High,"Low,Medium",Gain Privileges,N/A,N/A,Gain Privileges,Gain Privileges,N/A,N/A,N/A,N/A,N/A,N/A
51,Poison Web Service Registry,Software,Manipulate System Resources,High,Very High,Low,"Execute Unauthorized Commands,Read Data","Execute Unauthorized Commands,Modify Data",Execute Unauthorized Commands,N/A,N/A,N/A,N/A,N/A,N/A,N/A,N/A
52,Embedding NULL Bytes,Software,Manipulate System Resources,High,High,"Medium,High","Read Data,Gain Privileges,Execute Unauthorized Commands","Modify Data,Execute Unauthorized Commands",Execute Unauthorized Commands,Gain Privileges,Gain Privileges,N/A,N/A,N/A,N/A,N/A,N/A
53,"Postfix, Null Terminate, and Backslash",Software,Manipulate Data Structures,High,High,Medium,"Read Data,Gain Privileges","Modify Data,Execute Unauthorized Commands",N/A,Gain Privileges,Gain Privileges,N/A,N/A,N/A,N/A,N/A,N/A
54,Query System for Information,"Hardware,Software",Collect and Analyze Information,High,Low,Medium,Read Data,N/A,N/A,N/A,N/A,N/A,N/A,N/A,N/A,N/A,N/A
57,Utilizing REST's Trust in the System Resource to Obtain Sensitive Data,"Software,Communications",Collect and Analyze Information,Medium,Very High,Low,Gain Privileges,N/A,N/A,Gain Privileges,Gain Privileges,N/A,N/A,N/A,N/A,N/A,N/A
58,Restful Privilege Elevation,Software,Subvert Access Control,High,High,Low,Gain Privileges,Modify Data,N/A,Gain Privileges,Gain Privileges,N/A,N/A,N/A,N/A,N/A,N/A
59,Session Credential Falsification through Prediction,Software,Subvert Access Control,High,High,"Low,Medium",Gain Privileges,N/A,N/A,Gain Privileges,Gain Privileges,N/A,N/A,N/A,N/A,N/A,N/A
60,Reusing Session IDs (aka Session Replay),Software,Subvert Access Control,High,High,"Low,Medium",Gain Privileges,N/A,N/A,Gain Privileges,Gain Privileges,N/A,N/A,N/A,"T1134,T1550","T1134.002,T1134.003,T1550.004","TA0005,TA0004,TA0008"
61,Session Fixation,Software,Subvert Access Control,Medium,High,Low,Gain Privileges,N/A,N/A,Gain Privileges,Gain Privileges,N/A,N/A,N/A,N/A,N/A,N/A
62,Cross Site Request Forgery,Software,Subvert Access Control,High,Very High,Medium,"Gain Privileges,Read Data",Modify Data,N/A,Gain Privileges,Gain Privileges,N/A,N/A,N/A,N/A,N/A,N/A
63,Cross-Site Scripting (XSS),Software,Inject Unexpected Items,High,Very High,"Low,High","Execute Unauthorized Commands,Read Data","Execute Unauthorized Commands,Modify Data",Execute Unauthorized Commands,N/A,N/A,N/A,N/A,N/A,N/A,N/A,N/A
64,Using Slashes and URL Encoding Combined to Bypass Validation Logic,Software,Manipulate Data Structures,High,High,"Low,Medium","Execute Unauthorized Commands,Read Data,Gain Privileges","Execute Unauthorized Commands,Modify Data","Resource Consumption,Execute Unauthorized Commands",Gain Privileges,Gain Privileges,N/A,N/A,N/A,N/A,N/A,N/A
65,Sniff Application Code,"Software,Communications",Collect and Analyze Information,Low,High,Medium,"Read Data,Gain Privileges",N/A,N/A,Gain Privileges,Gain Privileges,N/A,N/A,N/A,N/A,N/A,N/A
66,SQL Injection,Software,Inject Unexpected Items,High,High,Low,"Read Data,Execute Unauthorized Commands,Gain Privileges","Modify Data,Execute Unauthorized Commands",N/A,Gain Privileges,Gain Privileges,N/A,N/A,N/A,N/A,N/A,N/A
67,String Format Overflow in syslog(),Software,Manipulate Data Structures,High,Very High,N/A,"Execute Unauthorized Commands,Gain Privileges","Execute Unauthorized Commands,Modify Data","Execute Unauthorized Commands,Unreliable Execution",Gain Privileges,Gain Privileges,N/A,N/A,N/A,N/A,N/A,N/A
71,Using Unicode Encoding to Bypass Validation Logic,Software,Manipulate Data Structures,Medium,High,Medium,"Bypass Protection Mechanism,Execute Unauthorized Commands","Execute Unauthorized Commands,Modify Data","Execute Unauthorized Commands,Unreliable Execution",Bypass Protection Mechanism,Bypass Protection Mechanism,N/A,N/A,N/A,N/A,N/A,N/A
72,URL Encoding,Software,Manipulate Data Structures,High,High,"Low,Medium","Read Data,Execute Unauthorized Commands,Gain Privileges","Execute Unauthorized Commands,Modify Data","Resource Consumption,Execute Unauthorized Commands",Gain Privileges,Gain Privileges,N/A,N/A,N/A,N/A,N/A,N/A
73,User-Controlled Filename,Software,Manipulate System Resources,High,High,"Low,Medium,High","Gain Privileges,Execute Unauthorized Commands,Read Data","Execute Unauthorized Commands,Modify Data","Execute Unauthorized Commands,Alter Execution Logic",Gain Privileges,Gain Privileges,N/A,N/A,N/A,N/A,N/A,N/A
76,Manipulating Web Input to File System Calls,Software,Manipulate System Resources,High,Very High,Low,Gain Privileges,"Modify Data,Execute Unauthorized Commands",N/A,Gain Privileges,Gain Privileges,N/A,N/A,N/A,N/A,N/A,N/A
77,Manipulating User-Controlled Variables,Software,Subvert Access Control,High,Very High,"Low,Medium","Execute Unauthorized Commands,Read Data,Gain Privileges","Modify Data,Execute Unauthorized Commands",Execute Unauthorized Commands,Gain Privileges,Gain Privileges,N/A,N/A,N/A,N/A,N/A,N/A
78,Using Escaped Slashes in Alternate Encoding,Software,Manipulate Data Structures,High,High,"Low,Medium","Read Data,Execute Unauthorized Commands.Bypass Protection Mechanism","Execute Unauthorized Commands,Modify Data","Resource Consumption,Execute Unauthorized Commands",Bypass Protection Mechanism,Bypass Protection Mechanism,N/A,N/A,N/A,N/A,N/A,N/A
79,Using Slashes in Alternate Encoding,Software,Manipulate Data Structures,High,High,"Low,Medium","Read Data,Execute Unauthorized Commands,Gain Privileges","Execute Unauthorized Commands,Modify Data",Execute Unauthorized Commands,Gain Privileges,Gain Privileges,N/A,N/A,N/A,N/A,N/A,N/A
80,Using UTF-8 Encoding to Bypass Validation Logic,Software,Manipulate Data Structures,High,High,"Low,Medium","Bypass Protection Mechanism,Execute Unauthorized Commands","Execute Unauthorized Commands,Modify Data","Execute Unauthorized Commands,Unreliable Execution",Bypass Protection Mechanism,Bypass Protection Mechanism,N/A,N/A,N/A,N/A,N/A,N/A
81,Web Logs Tampering,"Hardware,Software",Manipulate System Resources,Medium,High,Low,N/A,Modify Data,N/A,N/A,N/A,N/A,N/A,N/A,N/A,N/A,N/A
83,XPath Injection,Software,Inject Unexpected Items,High,High,Low,"Gain Privileges,Read Data",N/A,N/A,Gain Privileges,Gain Privileges,N/A,N/A,N/A,N/A,N/A,N/A
84,XQuery Injection,Software,Inject Unexpected Items,High,Very High,Low,"Read Data,Gain Privileges,Execute Unauthorized Commands","Modify Data,Execute Unauthorized Commands",Execute Unauthorized Commands,Gain Privileges,Gain Privileges,N/A,N/A,N/A,N/A,N/A,N/A
85,AJAX Footprinting,Software,Collect and Analyze Information,High,Low,Medium,Read Data,N/A,N/A,N/A,N/A,N/A,N/A,N/A,N/A,N/A,N/A
87,Forceful Browsing,Software,Subvert Access Control,High,High,Low,"Read Data,Bypass Protection Mechanism",N/A,N/A,Bypass Protection Mechanism,Bypass Protection Mechanism,N/A,N/A,N/A,N/A,N/A,N/A
88,OS Command Injection,Software,Inject Unexpected Items,High,High,High,"Execute Unauthorized Commands,Gain Privileges,Bypass Protection Mechanism,Read Data",Execute Unauthorized Commands,Execute Unauthorized Commands,Bypass Protection Mechanism,Bypass Protection Mechanism,N/A,N/A,N/A,N/A,N/A,N/A
92,Forced Integer Overflow,Software,Manipulate Data Structures,High,High,"Low,High","Gain Privileges,Execute Unauthorized Commands,Read Data","Modify Data,Execute Unauthorized Commands","Execute Unauthorized Commands,Unreliable Execution",Gain Privileges,Gain Privileges,N/A,N/A,N/A,N/A,N/A,N/A
94,Man in the Middle Attack,"Software,Communications",Subvert Access Control,High,Very High,Medium,"Gain Privileges,Read Data",Modify Data,N/A,Gain Privileges,Gain Privileges,N/A,N/A,N/A,T1185,N/A,TA0009
97,Cryptanalysis,"Hardware,Communications",Collect and Analyze Information,Low,Very High,High,Read Data,N/A,N/A,N/A,N/A,N/A,N/A,N/A,N/A,N/A,N/A
100,Overflow Buffers,Software,Manipulate Data Structures,High,Very High,"Low,High","Execute Unauthorized Commands,Gain Privileges",Execute Unauthorized Commands,"Unreliable Execution,Execute Unauthorized Commands",Gain Privileges,Gain Privileges,N/A,N/A,N/A,N/A,N/A,N/A
101,Server Side Include (SSI) Injection,Software,Inject Unexpected Items,High,High,Medium,"Read Data,Execute Unauthorized Commands",Execute Unauthorized Commands,Execute Unauthorized Commands,N/A,N/A,N/A,N/A,N/A,N/A,N/A,N/A
102,Session Sidejacking,Software,Subvert Access Control,High,High,Low,"Gain Privileges,Read Data",Modify Data,Unreliable Execution,Gain Privileges,Gain Privileges,N/A,N/A,N/A,N/A,N/A,N/A
104,Cross Zone Scripting,Software,Subvert Access Control,Medium,High,Medium,"Read Data,Gain Privileges,Execute Unauthorized Commands","Modify Data,Execute Unauthorized Commands",Execute Unauthorized Commands,Gain Privileges,Gain Privileges,N/A,N/A,N/A,N/A,N/A,N/A
105,HTTP Request Splitting,"Software,Communications",Abuse Existing Functioanlity,Medium,High,Medium,"Execute Unauthorized Commands,Gain Privileges,Read Data","Execute Unauthorized Commands,Modify Data",Execute Unauthorized Commands,Gain Privileges,Gain Privileges,N/A,N/A,N/A,N/A,N/A,N/A
108,Command Line Execution through SQL Injection,Software,Inject Unexpected Items,Low,Very High,High,"Read Data,Gain Privileges,Execute Unauthorized Commands","Modify Data,Execute Unauthorized Commands","Unreliable Execution,Execute Unauthorized Commands",Gain Privileges,Gain Privileges,N/A,N/A,N/A,N/A,N/A,N/A
109,Object Relational Mapping Injection,Software,Inject Unexpected Items,Low,High,Medium,"Read Data,Gain Privileges,Execute Unauthorized Commands","Modify Data,Execute Unauthorized Commands","Unreliable Execution,Execute Unauthorized Commands",Gain Privileges,Gain Privileges,N/A,N/A,N/A,N/A,N/A,N/A
110,SQL Injection through SOAP Parameter Tampering,Software,Inject Unexpected Items,High,Very High,"Medium,High","Read Data,Gain Privileges,Execute Unauthorized Commands","Modify Data,Execute Unauthorized Commands","Unreliable Execution,Execute Unauthorized Commands",Gain Privileges,Gain Privileges,N/A,N/A,N/A,N/A,N/A,N/A
111,JSON Hijacking (aka JavaScript Hijacking),Software,Abuse Existing Functioanlity,High,High,Medium,Read Data,N/A,N/A,N/A,N/A,N/A,N/A,N/A,N/A,N/A,N/A
112,Brute Force,Software,Employ Probabilistic Techniques,N/A,High,Low,N/A,N/A,N/A,N/A,N/A,N/A,N/A,N/A,N/A,N/A,N/A
114,Authentication Abuse,"Hardware,Software",Subvert Access Control,N/A,Medium,N/A,N/A,N/A,N/A,N/A,N/A,N/A,N/A,N/A,N/A,N/A,N/A
115,Authentication Bypass,Software,Subvert Access Control,N/A,Medium,N/A,N/A,N/A,N/A,N/A,N/A,N/A,N/A,N/A,N/A,N/A,N/A
116,Excavation,"Hardware,Software,Physical Security",Collect and Analyze Information,High,Medium,N/A,Read Data,N/A,N/A,N/A,N/A,N/A,N/A,N/A,N/A,N/A,N/A
120,Double Encoding,Software,Manipulate Data Structures,Low,Medium,N/A,N/A,N/A,N/A,N/A,N/A,N/A,N/A,N/A,N/A,N/A,N/A
122,Privilege Abuse,"Hardware,Software",Subvert Access Control,High,Medium,Low,Read Data,Modify Data,N/A,Bypass Protection Mechanism,"Execute Unauthorized Commands,Gain Privileges,Bypass Protection Mechanism",N/A,N/A,N/A,N/A,N/A,N/A
123,Buffer Manipulation,Software,Manipulate Data Structures,High,Very High,N/A,"Execute Unauthorized Commands,Modify Data,Read Data",N/A,Unreliable Execution,N/A,N/A,N/A,N/A,N/A,N/A,N/A,N/A
125,Flooding,"Software,Communications",Abuse Existing Functioanlity,High,Medium,N/A,N/A,N/A,"Unreliable Execution,Resource Consumption",N/A,N/A,N/A,N/A,N/A,T1498,T1498.001,TA0040
126,Path Traversal,Software,Manipulate Data Structures,High,Very High,"Low,Medium","Execute Unauthorized Commands,Read Data","Execute Unauthorized Commands,Modify Data","Execute Unauthorized Commands,Unreliable Execution",N/A,N/A,N/A,N/A,N/A,N/A,N/A,N/A
127,Directory Indexing,"Hardware,Software",Collect and Analyze Information,High,Medium,"Low,High",Read Data,N/A,N/A,N/A,N/A,N/A,N/A,N/A,T1083,N/A,TA0007
130,Excessive Allocation,"Software,Communications",Abuse Existing Functioanlity,Medium,Medium,N/A,N/A,N/A,Resource Consumption,N/A,N/A,N/A,N/A,N/A,T1499,T1499.003,TA0040
131,Resource Leak Exposure,Software,Abuse Existing Functioanlity,Medium,Medium,N/A,N/A,N/A,"Unreliable Execution,Resource Consumption",N/A,N/A,N/A,N/A,N/A,T1499,T1499.004,TA0040
132,Symlink Attack,Software,Engage in Deceptive Interactions,Low,High,"Low,High","Other,Read Data",Modify Data,Unreliable Execution,Bypass Protection Mechanism,"Execute Unauthorized Commands,Gain Privileges,Bypass Protection Mechanism",Gain Privileges,Gain Privileges,Gain Privileges,T1547,T1547.009,"TA0003,TA0004"
135,Format String Injection,Software,Inject Unexpected Items,High,High,High,Read Data,"Modify Data,Execute Unauthorized Commands",N/A,"Gain Privileges,Bypass Protection Mechanism",N/A,N/A,N/A,N/A,N/A,N/A,N/A
136,LDAP Injection,Software,Inject Unexpected Items,High,High,Medium,Read Data,Modify Data,Unreliable Execution,Bypass Protection Mechanism,"Execute Unauthorized Commands,Gain Privileges,Bypass Protection Mechanism",Gain Privileges,Gain Privileges,Gain Privileges,N/A,N/A,N/A
147,XML Ping of the Death,Software,Abuse Existing Functioanlity,Low,Medium,"Low,High",N/A,N/A,Resource Consumption,N/A,N/A,N/A,N/A,N/A,N/A,N/A,N/A
150,Collect Data from Common Resource Locations,"Hardware,Software,Physical Security",Collect and Analyze Information,N/A,Medium,N/A,N/A,N/A,N/A,N/A,N/A,N/A,N/A,N/A,T1114,T1114.001,TA0009
151,Identity Spoofing,"Software,Communications,Social Engineering",Engage in Deceptive Interactions,Medium,Medium,N/A,Gain Privileges,Gain Privileges,N/A,Gain Privileges,N/A,N/A,Gain Privileges,N/A,N/A,N/A,N/A
153,Input Data Manipulation,Software,Manipulate Data Structures,N/A,Medium,N/A,N/A,N/A,N/A,N/A,N/A,N/A,N/A,N/A,N/A,N/A,N/A
157,Sniffing Attacks,"Software,Communications",Collect and Analyze Information,N/A,Medium,N/A,Read Data,N/A,N/A,N/A,N/A,N/A,N/A,N/A,N/A,N/A,N/A
158,Sniffing Network Traffic,"Software,Communications",Collect and Analyze Information,N/A,Medium,Low,Read Data,N/A,N/A,N/A,N/A,N/A,N/A,N/A,T1040,N/A,"TA0006,TA0007"
159,Redirect Access to Libraries,Software,Engage in Deceptive Interactions,High,Very High,"Low,Medium,High",N/A,N/A,N/A,Bypass Protection Mechanism,"Execute Unauthorized Commands,Bypass Protection Mechanism",N/A,N/A,N/A,T1574,T1574.006,"TA0003,TA0004,TA0005"
166,Force the System to Reset Values,"Hardware,Software",Manipulate Data Structures,N/A,Medium,N/A,N/A,N/A,N/A,N/A,N/A,N/A,N/A,N/A,N/A,N/A,N/A
169,Footprinting,"Software,Communications",Collect and Analyze Information,High,Very Low,N/A,N/A,N/A,N/A,N/A,N/A,N/A,N/A,N/A,T1217,N/A,TA0007
175,Code Inclusion,Software,Inject Unexpected Items,Medium,Very High,N/A,N/A,N/A,N/A,N/A,N/A,N/A,N/A,N/A,N/A,N/A,N/A
177,Create files with the same name as files protected with a higher classification,"Hardware,Software",Subvert Access Control,N/A,Very High,N/A,N/A,N/A,N/A,N/A,N/A,N/A,N/A,N/A,T1036,N/A,TA0005
180,Exploiting Incorrectly Configured Access Control Security Levels,"Hardware,Software",Subvert Access Control,High,Medium,Low,Read Data,Modify Data,Unreliable Execution,Bypass Protection Mechanism,"Execute Unauthorized Commands,Gain Privileges,Bypass Protection Mechanism",N/A,N/A,N/A,N/A,N/A,N/A
182,Flash Injection,"Software,Social Engineering",Inject Unexpected Items,High,Medium,Medium,"Other,Read Data",Modify Data,N/A,Bypass Protection Mechanism,"Execute Unauthorized Commands,Gain Privileges,Bypass Protection Mechanism",Gain Privileges,Gain Privileges,Gain Privileges,N/A,N/A,N/A
194,Fake the Source of Data,"Software,Social Engineering",Engage in Deceptive Interactions,N/A,Medium,N/A,N/A,"Alter Execution Logic,Gain Privileges,Hide Activities",N/A,N/A,N/A,N/A,N/A,N/A,N/A,N/A,N/A
196,Session Credential Falsification through Forging,Software,Subvert Access Control,Medium,Medium,Medium,Read Data,Modify Data,N/A,Bypass Protection Mechanism,"Execute Unauthorized Commands,Gain Privileges,Bypass Protection Mechanism",Gain Privileges,Gain Privileges,Gain Privileges,N/A,N/A,N/A
197,XML Entity Expansion,Software,Abuse Existing Functionality,High,Medium,Low,N/A,N/A,"Unreliable Execution,Resource Consumption",N/A,N/A,N/A,N/A,N/A,N/A,N/A,N/A
201,Serialized Data External Linking,"Software,Communications",Abuse Existing Functionality,High,High,Low,Read Data,N/A,N/A,N/A,N/A,N/A,N/A,N/A,N/A,N/A,N/A
204,Lifting Sensitive Data Embedded in Cache,"Hardware,Software,Physical Security",Collect and Analyze Information,N/A,Medium,N/A,N/A,N/A,N/A,N/A,N/A,N/A,N/A,N/A,N/A,N/A,N/A
206,Signing Malicious Code,Software,Subvert Access Control,N/A,Very High,N/A,N/A,N/A,N/A,N/A,N/A,N/A,N/A,N/A,T1553,T1553.002,TA0005
209,XSS Using MIME Type Mismatch,Software,Inject Unexpected Items,N/A,Medium,N/A,N/A,N/A,N/A,N/A,N/A,N/A,N/A,N/A,N/A,N/A,N/A
215,Fuzzing for application mapping,"Hardware,Software","Employ Probabilistic Techniques,Collect and Analyze Information",High,Low,Medium,Other,N/A,N/A,N/A,N/A,N/A,N/A,N/A,N/A,N/A,N/A
224,Fingerprinting,Software,Collect and Analyze Information,High,Very Low,Medium,Read Data,N/A,N/A,N/A,N/A,N/A,N/A,N/A,N/A,N/A,N/A
228,DTD Injection,Software,Inject Unexpected Items,N/A,Medium,N/A,N/A,N/A,N/A,N/A,N/A,N/A,N/A,N/A,N/A,N/A,N/A
229,Serialized Data Parameter Blowup,Software,Abuse Existing Functionality,High,High,N/A,N/A,N/A,N/A,N/A,N/A,N/A,N/A,N/A,N/A,N/A,N/A
230,XML Nested Payloads,Software,Abuse Existing Functionality,Medium,High,"Low,High","Read Data,Execute Unauthorized Commands,Gain Privileges",Execute Unauthorized Commands,Resource Consumption,Gain Privileges,Gain Privileges,N/A,N/A,N/A,N/A,N/A,N/A
231,Oversized Serialized Data Payloads,Software,Abuse Existing Functionality,Medium,High,"Low,High","Read Data,Execute Unauthorized Commands,Gain Privileges",Execute Unauthorized Commands,Resource Consumption,Gain Privileges,Gain Privileges,N/A,N/A,N/A,N/A,N/A,N/A
233,Privilege Escalation,"Hardware,Software",Subvert Access Control,N/A,N/A,N/A,Other,Other,Other,N/A,N/A,N/A,N/A,N/A,T1548,N/A,"TA0004,TA0005"
234,Hijacking a privileged process,Software,Subvert Access Control,N/A,Medium,N/A,N/A,N/A,N/A,N/A,N/A,N/A,N/A,N/A,T1574,T1574.005,"TA0003,TA0004,TA0005"
242,Code Injection,Software,Inject Unexpected Items,High,High,N/A,Other,Other,Other,N/A,N/A,N/A,N/A,N/A,N/A,N/A,N/A
250,XML Injection,Software,Inject Unexpected Items,High,N/A,Low,"Gain Privileges,Read Data",N/A,N/A,Gain Privileges,Gain Privileges,N/A,N/A,N/A,N/A,N/A,N/A
251,Local Code Inclusion,Software,Inject Unexpected Items,N/A,Medium,N/A,Read Data,Execute Unauthorized Commands,N/A,N/A,N/A,N/A,N/A,N/A,T1055,N/A,"TA0005,TA0004"
252,PHP Local File Inclusion,Software,Inject Unexpected Items,N/A,Medium,N/A,N/A,N/A,N/A,N/A,N/A,N/A,N/A,N/A,N/A,N/A,N/A
253,Remote Code Inclusion,Software,Inject Unexpected Items,N/A,N/A,N/A,N/A,N/A,N/A,N/A,N/A,N/A,N/A,N/A,N/A,N/A,N/A
261,Fuzzing for garnering other adjacent user/sensitive data,"Hardware,Software",Collect and Analyze Information,N/A,Medium,N/A,N/A,N/A,N/A,N/A,N/A,N/A,N/A,N/A,N/A,N/A,N/A
263,Force Use of Corrupted Files,"Hardware,Software",Subvert Access Control,N/A,Medium,N/A,N/A,N/A,N/A,N/A,N/A,N/A,N/A,N/A,N/A,N/A,N/A
267,Leverage Alternate Encoding,Software,Manipulate Data Structures,High,High,"Low,Medium",Read Data,Modify Data,"Unreliable Execution,Resource Consumption",Bypass Protection Mechanism,"Execute Unauthorized Commands,Gain Privileges,Bypass Protection Mechanism",Gain Privileges,Gain Privileges,Gain Privileges,N/A,N/A,N/A
273,HTTP Response Smuggling,"Software,Communications",Abuse Existing Functionality,N/A,Medium,N/A,N/A,N/A,N/A,N/A,N/A,N/A,N/A,N/A,N/A,N/A,N/A
285,ICMP Echo Request Ping,Software,Collect and Analyze Information,Medium,Low,Low,Other,N/A,N/A,N/A,N/A,N/A,N/A,N/A,N/A,N/A,N/A
287,TCP SYN Scan,"Software,Communications",Collect and Analyze Information,N/A,Low,N/A,"Other,Bypass Protection Mechanism,Hide Activities",N/A,N/A,"Bypass Protection Mechanism,Hide Activities","Bypass Protection Mechanism,Hide Activities",N/A,N/A,N/A,N/A,N/A,N/A
290,Enumerate Mail Exchange (MX) Records,Software,Collect and Analyze Information,N/A,Low,N/A,"Other,Bypass Protection Mechanism,Hide Activities",N/A,N/A,"Bypass Protection Mechanism,Hide Activities","Bypass Protection Mechanism,Hide Activities",N/A,N/A,N/A,N/A,N/A,N/A
291,DNS Zone Transfers,Software,Collect and Analyze Information,N/A,Low,N/A,Read Data,N/A,N/A,N/A,N/A,N/A,N/A,N/A,N/A,N/A,N/A
292,Host Discovery,"Software,Communications",Collect and Analyze Information,N/A,Low,N/A,"Other,Bypass Protection Mechanism,Hide Activities",N/A,N/A,"Bypass Protection Mechanism,Hide Activities","Bypass Protection Mechanism,Hide Activities",N/A,N/A,N/A,T1018,N/A,TA0007
293,Traceroute Route Enumeration,Software,Collect and Analyze Information,N/A,Low,N/A,Other,N/A,N/A,N/A,N/A,N/A,N/A,N/A,N/A,N/A,N/A
294,ICMP Address Mask Request,Software,Collect and Analyze Information,N/A,Low,N/A,"Other,Hide Activities",N/A,N/A,Hide Activities,Hide Activities,N/A,N/A,N/A,N/A,N/A,N/A
295,Timestamp Request,Software,Collect and Analyze Information,N/A,Low,N/A,Other,N/A,N/A,N/A,N/A,N/A,N/A,N/A,T1124,N/A,TA0007
296,ICMP Information Request,Software,Collect and Analyze Information,N/A,Low,Low,Other,N/A,N/A,N/A,N/A,N/A,N/A,N/A,N/A,N/A,N/A
297,TCP ACK Ping,Software,Collect and Analyze Information,N/A,Low,N/A,"Other,Bypass Protection Mechanism,Hide Activities",N/A,N/A,"Bypass Protection Mechanism,Hide Activities","Bypass Protection Mechanism,Hide Activities",N/A,N/A,N/A,N/A,N/A,N/A
298,UDP Ping,Software,Collect and Analyze Information,N/A,Low,N/A,"Other,Bypass Protection Mechanism,Hide Activities",N/A,N/A,"Bypass Protection Mechanism,Hide Activities","Bypass Protection Mechanism,Hide Activities",N/A,N/A,N/A,N/A,N/A,N/A
299,TCP SYN Ping,Software,Collect and Analyze Information,N/A,Low,Low,"Other,Bypass Protection Mechanism,Hide Activities",N/A,N/A,"Bypass Protection Mechanism,Hide Activities","Bypass Protection Mechanism,Hide Activities",N/A,N/A,N/A,N/A,N/A,N/A
300,Port Scanning,"Software,Communications",Collect and Analyze Information,N/A,Low,N/A,"Other,Bypass Protection Mechanism,Hide Activities",N/A,N/A,"Bypass Protection Mechanism,Hide Activities","Bypass Protection Mechanism,Hide Activities",N/A,N/A,N/A,T1046,N/A,TA0007
301,TCP Connect Scan,"Software,Communications",Collect and Analyze Information,N/A,Low,N/A,Read Data,N/A,N/A,N/A,N/A,N/A,N/A,N/A,N/A,N/A,N/A
302,TCP FIN Scan,"Software,Communications",Collect and Analyze Information,N/A,Low,N/A,"Other,Bypass Protection Mechanism,Hide Activities",N/A,N/A,"Bypass Protection Mechanism,Hide Activities","Bypass Protection Mechanism,Hide Activities",N/A,N/A,N/A,N/A,N/A,N/A
303,TCP Xmas Scan,"Software,Communications",Collect and Analyze Information,N/A,Low,N/A,"Other,Bypass Protection Mechanism,Hide Activities",N/A,Unreliable Execution,"Bypass Protection Mechanism,Hide Activities","Bypass Protection Mechanism,Hide Activities",N/A,N/A,N/A,N/A,N/A,N/A
304,TCP Null Scan,"Software,Communications",Collect and Analyze Information,N/A,Low,N/A,"Other,Bypass Protection Mechanism,Hide Activities",N/A,N/A,"Bypass Protection Mechanism,Hide Activities","Bypass Protection Mechanism,Hide Activities",N/A,N/A,N/A,N/A,N/A,N/A
305,TCP ACK Scan,"Software,Communications",Collect and Analyze Information,N/A,Low,N/A,"Other,Bypass Protection Mechanism,Hide Activities",N/A,N/A,"Bypass Protection Mechanism,Hide Activities","Bypass Protection Mechanism,Hide Activities",N/A,N/A,N/A,N/A,N/A,N/A
306,TCP Window Scan,"Software,Communications",Collect and Analyze Information,N/A,Low,N/A,"Other,Bypass Protection Mechanism,Hide Activities",N/A,N/A,"Bypass Protection Mechanism,Hide Activities","Bypass Protection Mechanism,Hide Activities",N/A,N/A,N/A,N/A,N/A,N/A
307,TCP RPC Scan,"Software,Communications",Collect and Analyze Information,N/A,Low,N/A,"Other,Bypass Protection Mechanism,Hide Activities",N/A,N/A,"Bypass Protection Mechanism,Hide Activities","Bypass Protection Mechanism,Hide Activities",N/A,N/A,N/A,N/A,N/A,N/A
308,UDP Scan,"Software,Communications",Collect and Analyze Information,N/A,Low,N/A,"Other,Bypass Protection Mechanism,Hide Activities",N/A,N/A,"Bypass Protection Mechanism,Hide Activities","Bypass Protection Mechanism,Hide Activities",N/A,N/A,N/A,N/A,N/A,N/A
309,Network Topology Mapping,Software,Collect and Analyze Information,N/A,Low,N/A,Other,N/A,N/A,N/A,N/A,N/A,N/A,N/A,T1016,N/A,TA0007
310,Scanning for Vulnerable Software,Software,Collect and Analyze Information,N/A,Low,N/A,"Other,Bypass Protection Mechanism,Hide Activities",N/A,N/A,"Bypass Protection Mechanism,Hide Activities","Bypass Protection Mechanism,Hide Activities",N/A,N/A,N/A,N/A,N/A,N/A
312,Active OS Fingerprinting,Software,Collect and Analyze Information,Medium,Low,N/A,"Read Data,Hide Activities",N/A,N/A,Hide Activities,Hide Activities,N/A,N/A,N/A,T1082,N/A,TA0007
313,Passive OS Fingerprinting,Software,Collect and Analyze Information,High,Low,N/A,"Read Data,Hide Activities",N/A,N/A,Hide Activities,Hide Activities,N/A,N/A,N/A,N/A,N/A,N/A
317,IP ID Sequencing Probe,Software,Collect and Analyze Information,Medium,Low,N/A,"Read Data,Bypass Protection Mechanism,Hide Activities",N/A,N/A,"Bypass Protection Mechanism,Hide Activities","Bypass Protection Mechanism,Hide Activities",N/A,N/A,N/A,N/A,N/A,N/A
318,IP 'ID' Echoed Byte-Order Probe,Software,Collect and Analyze Information,Medium,Low,N/A,"Read Data,Bypass Protection Mechanism,Hide Activities",N/A,N/A,"Bypass Protection Mechanism,Hide Activities","Bypass Protection Mechanism,Hide Activities",N/A,N/A,N/A,N/A,N/A,N/A
319,IP (DF) 'Don't Fragment Bit' Echoing Probe,Software,Collect and Analyze Information,Medium,Low,N/A,"Read Data,Bypass Protection Mechanism,Hide Activities",N/A,N/A,"Bypass Protection Mechanism,Hide Activities","Bypass Protection Mechanism,Hide Activities",N/A,N/A,N/A,N/A,N/A,N/A
320,TCP Timestamp Probe,Software,Collect and Analyze Information,Medium,Low,N/A,"Read Data,Bypass Protection Mechanism",N/A,N/A,Bypass Protection Mechanism,Bypass Protection Mechanism,N/A,N/A,N/A,N/A,N/A,N/A
321,TCP Sequence Number Probe,Software,Collect and Analyze Information,Medium,Low,N/A,"Read Data,Bypass Protection Mechanism,Hide Activities",N/A,N/A,"Bypass Protection Mechanism,Hide Activities","Bypass Protection Mechanism,Hide Activities",N/A,N/A,N/A,N/A,N/A,N/A
322,TCP (ISN) Greatest Common Divisor Probe,Software,Collect and Analyze Information,Medium,Low,N/A,"Read Data,Bypass Protection Mechanism,Hide Activities",N/A,N/A,"Bypass Protection Mechanism,Hide Activities","Bypass Protection Mechanism,Hide Activities",N/A,N/A,N/A,N/A,N/A,N/A
323,TCP (ISN) Counter Rate Probe,Software,Collect and Analyze Information,Medium,Low,N/A,"Read Data,Bypass Protection Mechanism,Hide Activities",N/A,N/A,"Bypass Protection Mechanism,Hide Activities","Bypass Protection Mechanism,Hide Activities",N/A,N/A,N/A,N/A,N/A,N/A
324,TCP (ISN) Sequence Predictability Probe,Software,Collect and Analyze Information,Medium,Low,N/A,"Read Data,Bypass Protection Mechanism,Hide Activities",N/A,N/A,"Bypass Protection Mechanism,Hide Activities","Bypass Protection Mechanism,Hide Activities",N/A,N/A,N/A,N/A,N/A,N/A
325,TCP Congestion Control Flag (ECN) Probe,Software,Collect and Analyze Information,Medium,Low,N/A,"Read Data,Bypass Protection Mechanism,Hide Activities",N/A,N/A,"Bypass Protection Mechanism,Hide Activities","Bypass Protection Mechanism,Hide Activities",N/A,N/A,N/A,N/A,N/A,N/A
326,TCP Initial Window Size Probe,Software,Collect and Analyze Information,Medium,Low,N/A,"Read Data,Bypass Protection Mechanism,Hide Activities",N/A,N/A,"Bypass Protection Mechanism,Hide Activities","Bypass Protection Mechanism,Hide Activities",N/A,N/A,N/A,N/A,N/A,N/A
327,TCP Options Probe,Software,Collect and Analyze Information,Medium,Low,N/A,"Read Data,Bypass Protection Mechanism,Hide Activities",N/A,N/A,"Bypass Protection Mechanism,Hide Activities","Bypass Protection Mechanism,Hide Activities",N/A,N/A,N/A,N/A,N/A,N/A
328,TCP 'RST' Flag Checksum Probe,Software,Collect and Analyze Information,Medium,Low,N/A,"Read Data,Bypass Protection Mechanism,Hide Activities",N/A,N/A,"Bypass Protection Mechanism,Hide Activities","Bypass Protection Mechanism,Hide Activities",N/A,N/A,N/A,N/A,N/A,N/A
329,ICMP Error Message Quoting Probe,Software,Collect and Analyze Information,Medium,Low,N/A,"Read Data,Bypass Protection Mechanism,Hide Activities",N/A,N/A,"Bypass Protection Mechanism,Hide Activities","Bypass Protection Mechanism,Hide Activities",N/A,N/A,N/A,N/A,N/A,N/A
330,ICMP Error Message Echoing Integrity Probe,Software,Collect and Analyze Information,Medium,Low,N/A,"Read Data,Bypass Protection Mechanism,Hide Activities",N/A,N/A,"Bypass Protection Mechanism,Hide Activities","Bypass Protection Mechanism,Hide Activities",N/A,N/A,N/A,N/A,N/A,N/A
383,Harvesting Information via API Event Monitoring,"Software,Social Engineering","Engage in Deceptive Interactions,Collect and Analyze Information",N/A,Low,N/A,Read Data,N/A,N/A,N/A,N/A,N/A,N/A,N/A,N/A,N/A,N/A
384,Application API Message Manipulation via Man-in-the-Middle,"Software,Communications",Subvert Access Control,N/A,Low,N/A,N/A,N/A,N/A,N/A,N/A,N/A,N/A,N/A,N/A,N/A,N/A
385,Transaction or Event Tampering via Application API Manipulation,"Software,Communications",Subvert Access Control,N/A,Medium,N/A,N/A,N/A,N/A,N/A,N/A,N/A,N/A,N/A,N/A,N/A,N/A
386,Application API Navigation Remapping,"Software,Communications",Subvert Access Control,N/A,Medium,N/A,N/A,N/A,N/A,N/A,N/A,N/A,N/A,N/A,N/A,N/A,N/A
387,Navigation Remapping To Propagate Malicious Content,"Software,Communications",Subvert Access Control,N/A,Medium,N/A,N/A,N/A,N/A,N/A,N/A,N/A,N/A,N/A,N/A,N/A,N/A
388,Application API Button Hijacking,"Software,Communications",Subvert Access Control,N/A,Medium,N/A,N/A,N/A,N/A,N/A,N/A,N/A,N/A,N/A,N/A,N/A,N/A
402,Bypassing ATA Password Security,"Hardware,Supply Chain,Physical Security",Manipulate System Resources,N/A,N/A,N/A,N/A,N/A,N/A,N/A,N/A,N/A,N/A,N/A,N/A,N/A,N/A
441,Malicious Logic Insertion,"Software,Hardware,Supply Chain",Manipulate System Resources,Medium,High,N/A,N/A,N/A,N/A,N/A,Execute Unauthorized Commands,N/A,N/A,N/A,N/A,N/A,N/A
459,Creating a Rogue Certification Authority Certificate,Software,Engage in Deceptive Interactions,Medium,Very High,"High,High,Medium",N/A,N/A,N/A,Gain Privileges,N/A,N/A,Gain Privileges,N/A,T1553,T1553.004,TA0005
462,Cross-Domain Search Timing,"Hardware,Software",Collect and Analyze Information,N/A,Medium,Low,Read Data,N/A,N/A,N/A,N/A,N/A,N/A,N/A,N/A,N/A,N/A
463,Padding Oracle Crypto Attack,Communications,Collect and Analyze Information,N/A,High,N/A,N/A,N/A,N/A,N/A,N/A,N/A,N/A,N/A,N/A,N/A,N/A
467,Cross Site Identification,Software,Subvert Access Control,N/A,Low,"High,Medium",N/A,N/A,N/A,N/A,N/A,N/A,N/A,N/A,N/A,N/A,N/A
469,HTTP DoS,Software,Abuse Existing Functionality,N/A,Low,N/A,N/A,N/A,N/A,N/A,N/A,N/A,N/A,N/A,T1499,"T1499.001,T1499.004",TA0040
470,Expanding Control over the Operating System from the Database,Software,Inject Unexpected Items,N/A,Very High,High,N/A,N/A,N/A,N/A,N/A,N/A,N/A,N/A,N/A,N/A,N/A
472,Browser Fingerprinting,Software,Collect and Analyze Information,N/A,Low,"High,High",N/A,N/A,N/A,N/A,N/A,N/A,N/A,N/A,N/A,N/A,N/A
473,Signature Spoof,Software,Engage in Deceptive Interactions,N/A,N/A,High,N/A,N/A,N/A,Gain Privileges,N/A,N/A,Gain Privileges,N/A,N/A,N/A,N/A
474,Signature Spoofing by Key Theft,Software,Engage in Deceptive Interactions,Medium,High,"Low,High",N/A,N/A,N/A,N/A,N/A,N/A,N/A,N/A,N/A,N/A,N/A
475,Signature Spoofing by Improper Validation,Software,Engage in Deceptive Interactions,Low,High,"High,High",N/A,N/A,N/A,N/A,N/A,N/A,N/A,N/A,N/A,N/A,N/A
477,Signature Spoofing by Mixing Signed and Unsigned Content,Software,Engage in Deceptive Interactions,Low,High,"High,High",N/A,N/A,N/A,N/A,N/A,N/A,N/A,N/A,N/A,N/A,N/A
478,Modification of Windows Service Configuration,Software,Manipulate System Resources,Low,High,N/A,N/A,Execute Unauthorized Commands,N/A,N/A,N/A,N/A,N/A,N/A,"T1574,T1543","T1574.011,T1543.003","TA0003,TA0004,TA0005"
479,Malicious Root Certificate,Software,Engage in Deceptive Interactions,Low,Low,N/A,N/A,N/A,N/A,N/A,N/A,N/A,N/A,N/A,T1553,T1553.004,TA0005
482,TCP Flood,"Software,Communications",Abuse Existing Functionality,N/A,N/A,N/A,N/A,N/A,N/A,N/A,N/A,N/A,N/A,N/A,T1499,"T1499.001,T1499.004",TA0040
485,Signature Spoofing by Key Recreation,Software,Engage in Deceptive Interactions,Low,High,"High,High,High",N/A,N/A,N/A,N/A,N/A,N/A,N/A,N/A,N/A,N/A,N/A
486,UDP Flood,"Software,Communications",Abuse Existing Functionality,N/A,N/A,N/A,N/A,N/A,N/A,N/A,N/A,N/A,N/A,N/A,T1498,T1498.001,TA0040
487,ICMP Flood,"Software,Communications",Abuse Existing Functionality,N/A,N/A,N/A,N/A,N/A,N/A,N/A,N/A,N/A,N/A,N/A,N/A,N/A,N/A
488,HTTP Flood,"Software,Communications",Abuse Existing Functionality,N/A,N/A,N/A,N/A,N/A,N/A,N/A,N/A,N/A,N/A,N/A,T1499,T1499.002,TA0040
489,SSL Flood,"Software,Communications",Abuse Existing Functionality,N/A,N/A,N/A,N/A,N/A,N/A,N/A,N/A,N/A,N/A,N/A,T1499,T1499.002,TA0040
490,Amplification,Software,Abuse Existing Functionality,N/A,N/A,N/A,N/A,N/A,N/A,N/A,N/A,N/A,N/A,N/A,T1498,T1498.002,TA0040
491,XML Quadratic Expansion,Software,Abuse Existing Functionality,N/A,N/A,N/A,N/A,N/A,N/A,N/A,N/A,N/A,N/A,N/A,N/A,N/A,N/A
492,Regular Expression Exponential Blowup,Software,Abuse Existing Functionality,N/A,N/A,N/A,N/A,N/A,N/A,N/A,N/A,N/A,N/A,N/A,N/A,N/A,N/A
493,SOAP Array Blowup,Software,Abuse Existing Functionality,N/A,N/A,N/A,N/A,N/A,N/A,N/A,N/A,N/A,N/A,N/A,N/A,N/A,N/A
494,TCP Fragmentation,"Software,Communications",Abuse Existing Functionality,N/A,N/A,N/A,N/A,N/A,N/A,N/A,N/A,N/A,N/A,N/A,N/A,N/A,N/A
495,UDP Fragmentation,"Software,Communications",Abuse Existing Functionality,N/A,N/A,N/A,N/A,N/A,N/A,N/A,N/A,N/A,N/A,N/A,N/A,N/A,N/A
496,ICMP Fragmentation,"Software,Communications",Abuse Existing Functionality,N/A,N/A,N/A,N/A,N/A,N/A,N/A,N/A,N/A,N/A,N/A,N/A,N/A,N/A
497,File Discovery,Software,Collect and Analyze Information,High,Very Low,N/A,Read Data,N/A,N/A,N/A,N/A,N/A,N/A,N/A,T1083,N/A,TA0007
502,Intent Spoof,Software,Engage in Deceptive Interactions,N/A,N/A,N/A,N/A,N/A,N/A,N/A,N/A,N/A,N/A,N/A,N/A,N/A,N/A
503,WebView Exposure,Software,Subvert Access Control,N/A,N/A,N/A,N/A,N/A,N/A,N/A,N/A,N/A,N/A,N/A,N/A,N/A,N/A
508,Shoulder Surfing,Physical Security,Collect and Analyze Information,High,High,Low,Read Data,N/A,N/A,N/A,N/A,N/A,N/A,N/A,N/A,N/A,N/A
509,Kerberoasting,Software,Subvert Access Control,N/A,High,Medium,Gain Privileges,N/A,N/A,N/A,N/A,N/A,N/A,N/A,T1558,T1558.003,TA0006
528,XML Flood,Software,Abuse Existing Functionality,Low,Medium,Low,N/A,N/A,Resource Consumption,N/A,N/A,N/A,N/A,N/A,T1499,T1499.002,TA0040
536,Data Injected During Configuration,"Software,Supply Chain",Manipulate System Resources,Low,High,High,N/A,N/A,N/A,N/A,N/A,N/A,N/A,N/A,N/A,N/A,N/A
540,Overread Buffers,Software,Manipulate Data Structures,Low,High,N/A,Read Data,N/A,Unreliable Execution,N/A,N/A,N/A,N/A,N/A,N/A,N/A,N/A
546,Probe Application Memory,"Software,Hardware",Collect and Analyze Information,Low,Medium,Low,Read Data,N/A,N/A,N/A,N/A,N/A,N/A,N/A,N/A,N/A,N/A
549,Local Execution of Code,Software,Inject Unexpected Items,Medium,High,N/A,"Execute Unauthorized Commands,Other","Execute Unauthorized Commands,Other","Execute Unauthorized Commands,Other",N/A,N/A,N/A,N/A,N/A,N/A,N/A,N/A
550,Install New Service,Software,Inject Unexpected Items,N/A,N/A,N/A,N/A,N/A,N/A,N/A,N/A,N/A,N/A,N/A,"T1543,T1569","T1543.002,T1543.003,T1543.004,T1569.001,T1569.002","TA0003,TA0004,TA0002"
551,Modify Existing Service,Software,Inject Unexpected Items,N/A,N/A,N/A,N/A,N/A,N/A,N/A,N/A,N/A,N/A,N/A,"T1543,T1569","T1543.002,T1543.003,T1543.004,T1569.001,T1569.002","TA0003,TA0004,TA0002"
552,Install Rootkit,Software,Inject Unexpected Items,Medium,High,N/A,N/A,N/A,N/A,N/A,N/A,N/A,N/A,N/A,"T1014,T1542,T1547","T1542.003,T1547.006","TA0005,TA0003,TA0004"
555,Remote Services with Stolen Credentials,Software,Subvert Access Control,N/A,Very High,N/A,N/A,N/A,N/A,N/A,N/A,N/A,N/A,N/A,"T1114,T1021,T1133",T1114.002,"TA0009,TA0008,TA0003,TA0001"
556,Replace File Extension Handlers,Software,Inject Unexpected Items,N/A,N/A,N/A,N/A,N/A,N/A,N/A,N/A,N/A,N/A,N/A,T1546,T1546.001,"TA0004,TA0003"
558,Replace Trusted Executable,Software,Inject Unexpected Items,Low,High,N/A,N/A,N/A,N/A,N/A,N/A,N/A,N/A,N/A,T1546,T1546.008,"TA0004,TA0003"
560,Use of Known Domain Credentials,"Software,Hardware",Subvert Access Control,High,High,Low,"Gain Privileges,Read Data",Modify Data,N/A,Gain Privileges,"Gain Privileges,Read Data",N/A,Gain Privileges,N/A,"T1078,T1199","T1078.001,T1078.002,T1078.003","TA0005,TA0003,TA0004,TA0001"
561,Windows Admin Shares with Stolen Credentials,Software,Subvert Access Control,N/A,N/A,Low,"Gain Privileges,Read Data",Modify Data,N/A,Gain Privileges,"Gain Privileges,Read Data",N/A,Gain Privileges,N/A,T1021,T1021.002,TA0008
562,Modify Shared File,"Software,Hardware",Subvert Access Control,N/A,N/A,N/A,N/A,N/A,N/A,N/A,N/A,N/A,N/A,N/A,T1080,N/A,TA0008
563,Add Malicious File to Shared Webroot,"Software,Hardware",Subvert Access Control,N/A,N/A,N/A,N/A,N/A,N/A,N/A,N/A,N/A,N/A,N/A,N/A,N/A,N/A
564,Run Software at Logon,Software,Inject Unexpected Items,N/A,N/A,N/A,N/A,N/A,N/A,N/A,N/A,N/A,N/A,N/A,"T1037,T1543,T1547","T1037.001,T1037.002,T1037.003,T1543.001","TA0003,TA0004"
573,Process Footprinting,Software,Collect and Analyze Information,Low,Low,N/A,"Other,Bypass Protection Mechanism,Hide Activities",N/A,N/A,"Bypass Protection Mechanism,Hide Activities","Bypass Protection Mechanism,Hide Activities",N/A,N/A,N/A,T1057,N/A,TA0007
574,Services Footprinting,Software,Collect and Analyze Information,Low,Low,N/A,"Other,Bypass Protection Mechanism,Hide Activities",N/A,N/A,"Bypass Protection Mechanism,Hide Activities","Bypass Protection Mechanism,Hide Activities",N/A,N/A,N/A,T1007,N/A,TA0007
575,Account Footprinting,Software,Collect and Analyze Information,Low,Low,N/A,"Other,Bypass Protection Mechanism,Hide Activities",N/A,N/A,"Bypass Protection Mechanism,Hide Activities","Bypass Protection Mechanism,Hide Activities",N/A,N/A,N/A,T1087,N/A,TA0007
576,Group Permission Footprinting,Software,Collect and Analyze Information,Low,Low,N/A,"Other,Bypass Protection Mechanism,Hide Activities",N/A,N/A,"Bypass Protection Mechanism,Hide Activities","Bypass Protection Mechanism,Hide Activities",N/A,N/A,N/A,T1069,Discovery,TA0007
577,Owner Footprinting,Software,Collect and Analyze Information,Low,Low,N/A,"Other,Bypass Protection Mechanism,Hide Activities",N/A,N/A,"Bypass Protection Mechanism,Hide Activities","Bypass Protection Mechanism,Hide Activities",N/A,N/A,N/A,T1033,N/A,TA0007
578,Disable Security Software,Software,Manipulate System Resources,Medium,Medium,N/A,N/A,Hide Activities,N/A,N/A,N/A,N/A,N/A,N/A,T1562,T1562.001,TA0005
588,DOM-Based XSS,Software,Inject Unexpected Items,High,Very High,Medium,"Read Data,Gain Privileges,Execute Unauthorized Commands","Execute Unauthorized Commands,Modify Data",Execute Unauthorized Commands,Gain Privileges,Gain Privileges,N/A,N/A,N/A,N/A,N/A,N/A
591,Reflected XSS,Software,Inject Unexpected Items,High,Very High,Medium,"Read Data,Gain Privileges,Execute Unauthorized Commands","Execute Unauthorized Commands,Modify Data",Execute Unauthorized Commands,Gain Privileges,Gain Privileges,N/A,N/A,N/A,N/A,N/A,N/A
592,Stored XSS,Software,Inject Unexpected Items,High,Very High,Medium,"Read Data,Gain Privileges,Execute Unauthorized Commands","Execute Unauthorized Commands,Modify Data",Execute Unauthorized Commands,Gain Privileges,Gain Privileges,N/A,N/A,N/A,N/A,N/A,N/A
593,Session Hijacking,Software,Subvert Access Control,High,Very High,Low,Gain Privileges,Gain Privileges,Gain Privileges,N/A,N/A,N/A,N/A,N/A,T1550,T1550.001,"TA0005,TA0008"
600,Credential Stuffing,Software,Subvert Access Control,High,High,Low,"Gain Privileges,Read Data",Modify Data,N/A,Gain Privileges,Read Data,N/A,Gain Privileges,N/A,T1110,T1110.004,TA0006
608,Cryptanalysis of Cellular Encryption,Communications,Collect and Analyze Information,N/A,High,Medium,Other,N/A,N/A,N/A,N/A,N/A,N/A,N/A,N/A,N/A,N/A
609,Cellular Traffic Intercept,Communications,Collect and Analyze Information,N/A,Low,Medium,Read Data,N/A,N/A,N/A,N/A,N/A,N/A,N/A,N/A,N/A,N/A
614,Rooting SIM Cards,Software,Manipulate System Resources,N/A,High,Medium,Execute Unauthorized Commands,Execute Unauthorized Commands,N/A,N/A,N/A,N/A,N/A,N/A,N/A,N/A,N/A
616,Establish Rogue Location,"Software,Hardware,Communications,Social Engineering",Engage in Deceptive Interactions,Medium,Medium,Low,Other,Other,N/A,N/A,N/A,N/A,N/A,N/A,T1204,T1204.002,TA0002
633,Token Impersonation,Software,Engage in Deceptive Interactions,N/A,Medium,N/A,N/A,"Alter Execution Logic,Gain Privileges,Hide Activities",N/A,N/A,N/A,N/A,N/A,N/A,T1134,"T1134.001,T1134.003","TA0005,TA0004"
639,Probe System Files,Software,Collect and Analyze Information,N/A,Medium,N/A,Read Data,N/A,N/A,N/A,N/A,N/A,N/A,N/A,"T1552,T1039",T1552.001,"TA0006,TA0009"
641,DLL Side-Loading,Software,Engage in Deceptive Interactions,Low,High,High,N/A,"Execute Unauthorized Commands,Bypass Protection Mechanism",N/A,N/A,N/A,N/A,N/A,N/A,N/A,N/A,N/A
642,Replace Binaries,"Software,Hardware",Subvert Access Control,N/A,High,N/A,N/A,N/A,N/A,N/A,N/A,N/A,N/A,N/A,T1574,"T1574.005,T1574.010","TA0003,TA0004,TA0005"
643,Identify Shared Files/Directories on System,Software,Collect and Analyze Information,Medium,Medium,Low,Read Data,N/A,N/A,N/A,N/A,N/A,N/A,N/A,T1135,N/A,TA0007
644,Use of Captured Hashes (Pass The Hash),Software,Subvert Access Control,Medium,High,Low,"Gain Privileges,Read Data",Modify Data,N/A,Gain Privileges,Read Data,N/A,Gain Privileges,N/A,T1550,T1550.002,"TA0005,TA0008"
645,Use of Captured Tickets (Pass The Ticket),Software,Subvert Access Control,Low,High,"Low,High",N/A,Gain Privileges,N/A,N/A,N/A,N/A,N/A,N/A,T1550,T1550.003,"TA0005,TA0008"
646,Peripheral Footprinting,Software,Collect and Analyze Information,Low,Medium,"Medium,Medium",N/A,N/A,N/A,N/A,N/A,N/A,N/A,N/A,T1120,N/A,TA0007
647,Collect Data from Registries,Software,Collect and Analyze Information,Medium,Medium,Low,Read Data,N/A,N/A,N/A,N/A,N/A,N/A,N/A,N/A,N/A,N/A